{
  "id": "",
  "name": "",
  "font_family": "iconfont",
  "css_prefix_text": "icon-",
  "description": "",
  "glyphs": [
    {
      "icon_id": "657337",
      "name": "分期－审核通过",
      "font_class": "shenhetongguo",
      "unicode": "e64f",
      "unicode_decimal": 58959
    },
    {
      "icon_id": "1125654",
      "name": "设置",
      "font_class": "shezhi",
      "unicode": "e620",
      "unicode_decimal": 58912
    },
    {
      "icon_id": "10485377",
      "name": "选中",
      "font_class": "xuanzhong",
      "unicode": "e61a",
      "unicode_decimal": 58906
    }
  ]
}
